versao,n,beta_x_lag2,p_value
full,130.000000,0.069285,0.000534
sem_covid,108.000000,0.052963,0.056301
delta_rel,,0.235571,
