h,modelo,n,mae_pp,rmse_pp
1,comb_oos,58,2.023185,4.257538
1,ar1,58,2.06345,4.162386
1,dfm_1f,58,3.503695,6.574721
