w_1,w_2,se_hac,t_stat,p_value,mae_combinado,rmse_combinado,mae_f1,mae_f2,rmse_f1,rmse_f2,n,convexo,h,f1,f2
0.148113,0.851887,0.106123,1.395671,0.162814,0.025202,0.046627,0.040666,0.026002,0.067544,0.047394,94,True,1,dfm_1f,ar1
0.033084,0.966916,0.083015,0.398535,0.690236,0.025935,0.04735,0.05173,0.026002,0.076307,0.047394,94,True,1,dfm_2f,ar1
